KEY,FREQ,CURRENCY,CURRENCY_DENOM,EXR_TYPE,EXR_SUFFIX,TIME_PERIOD,OBS_VALUE,OBS_STATUS,OBS_CONF,OBS_PRE_BREAK,OBS_COM,TIME_FORMAT,BREAKS,COLLECTION,COMPILING_ORG,DISS_ORG,DOM_SER_IDS,PUBL_ECB,PUBL_MU,PUBL_PUBLIC,UNIT_INDEX_BASE,COMPILATION,COVERAGE,DECIMALS,NAT_TITLE,SOURCE_AGENCY,SOURCE_PUB,TITLE,TITLE_COMPL,UNIT,UNIT_MULT
EXR.D.GBP.EUR.SP00.A,D,GBP,EUR,SP00,A,2023-05-16,0.86938,A,F,,,P1D,,A,,,,,,,99Q1=100,,,5,,4F0,,Pound sterling/Euro ECB reference exchange rate,"ECB reference exchange rate, Pound sterling/Euro, 2.15 pm (C.E.T.)",GBP,0
EXR.D.GBP.EUR.SP00.A,D,GBP,EUR,SP00,A,2023-05-17,0.86895,A,F,,,P1D,,A,,,,,,,99Q1=100,,,5,,4F0,,Pound sterling/Euro ECB reference exchange rate,"ECB reference exchange rate, Pound sterling/Euro, 2.15 pm (C.E.T.)",GBP,0
EXR.D.GBP.EUR.SP00.A,D,GBP,EUR,SP00,A,2023-05-18,0.8689,A,F,,,P1D,,A,,,,,,,99Q1=100,,,5,,4F0,,Pound sterling/Euro ECB reference exchange rate,"ECB reference exchange rate, Pound sterling/Euro, 2.15 pm (C.E.T.)",GBP,0
EXR.D.GBP.EUR.SP00.A,D,GBP,EUR,SP00,A,2023-05-19,0.8684,A,F,,,P1D,,A,,,,,,,99Q1=100,,,5,,4F0,,Pound sterling/Euro ECB reference exchange rate,"ECB reference exchange rate, Pound sterling/Euro, 2.15 pm (C.E.T.)",GBP,0
EXR.D.GBP.EUR.SP00.A,D,GBP,EUR,SP00,A,2023-05-22,0.86846,A,F,,,P1D,,A,,,,,,,99Q1=100,,,5,,4F0,,Pound sterling/Euro ECB reference exchange rate,"ECB reference exchange rate, Pound sterling/Euro, 2.15 pm (C.E.T.)",GBP,0
EXR.D.GBP.EUR.SP00.A,D,GBP,EUR,SP00,A,2023-05-23,0.86993,A,F,,,P1D,,A,,,,,,,99Q1=100,,,5,,4F0,,Pound sterling/Euro ECB reference exchange rate,"ECB reference exchange rate, Pound sterling/Euro, 2.15 pm (C.E.T.)",GBP,0
EXR.D.GBP.EUR.SP00.A,D,GBP,EUR,SP00,A,2023-05-24,0.86993,A,F,,,P1D,,A,,,,,,,99Q1=100,,,5,,4F0,,Pound sterling/Euro ECB reference exchange rate,"ECB reference exchange rate, Pound sterling/Euro, 2.15 pm (C.E.T.)",GBP,0
EXR.D.GBP.EUR.SP00.A,D,GBP,EUR,SP00,A,2023-05-25,0.86793,A,F,,,P1D,,A,,,,,,,99Q1=100,,,5,,4F0,,Pound sterling/Euro ECB reference exchange rate,"ECB reference exchange rate, Pound sterling/Euro, 2.15 pm (C.E.T.)",GBP,0
EXR.D.GBP.EUR.SP00.A,D,GBP,EUR,SP00,A,2023-05-26,0.86813,A,F,,,P1D,,A,,,,,,,99Q1=100,,,5,,4F0,,Pound sterling/Euro ECB reference exchange rate,"ECB reference exchange rate, Pound sterling/Euro, 2.15 pm (C.E.T.)",GBP,0
EXR.D.GBP.EUR.SP00.A,D,GBP,EUR,SP00,A,2023-05-29,0.86805,A,F,,,P1D,,A,,,,,,,99Q1=100,,,5,,4F0,,Pound sterling/Euro ECB reference exchange rate,"ECB reference exchange rate, Pound sterling/Euro, 2.15 pm (C.E.T.)",GBP,0
EXR.D.GBP.EUR.SP00.A,D,GBP,EUR,SP00,A,2023-05-30,0.86365,A,F,,,P1D,,A,,,,,,,99Q1=100,,,5,,4F0,,Pound sterling/Euro ECB reference exchange rate,"ECB reference exchange rate, Pound sterling/Euro, 2.15 pm (C.E.T.)",GBP,0
EXR.D.GBP.EUR.SP00.A,D,GBP,EUR,SP00,A,2023-05-31,0.86405,A,F,,,P1D,,A,,,,,,,99Q1=100,,,5,,4F0,,Pound sterling/Euro ECB reference exchange rate,"ECB reference exchange rate, Pound sterling/Euro, 2.15 pm (C.E.T.)",GBP,0
EXR.D.GBP.EUR.SP00.A,D,GBP,EUR,SP00,A,2023-06-01,0.85823,A,F,,,P1D,,A,,,,,,,99Q1=100,,,5,,4F0,,Pound sterling/Euro ECB reference exchange rate,"ECB reference exchange rate, Pound sterling/Euro, 2.15 pm (C.E.T.)",GBP,0
EXR.D.GBP.EUR.SP00.A,D,GBP,EUR,SP00,A,2023-06-02,0.8593,A,F,,,P1D,,A,,,,,,,99Q1=100,,,5,,4F0,,Pound sterling/Euro ECB reference exchange rate,"ECB reference exchange rate, Pound sterling/Euro, 2.15 pm (C.E.T.)",GBP,0
EXR.D.GBP.EUR.SP00.A,D,GBP,EUR,SP00,A,2023-06-05,0.86323,A,F,,,P1D,,A,,,,,,,99Q1=100,,,5,,4F0,,Pound sterling/Euro ECB reference exchange rate,"ECB reference exchange rate, Pound sterling/Euro, 2.15 pm (C.E.T.)",GBP,0
EXR.D.GBP.EUR.SP00.A,D,GBP,EUR,SP00,A,2023-06-06,0.86103,A,F,,,P1D,,A,,,,,,,99Q1=100,,,5,,4F0,,Pound sterling/Euro ECB reference exchange rate,"ECB reference exchange rate, Pound sterling/Euro, 2.15 pm (C.E.T.)",GBP,0
EXR.D.GBP.EUR.SP00.A,D,GBP,EUR,SP00,A,2023-06-07,0.8597,A,F,,,P1D,,A,,,,,,,99Q1=100,,,5,,4F0,,Pound sterling/Euro ECB reference exchange rate,"ECB reference exchange rate, Pound sterling/Euro, 2.15 pm (C.E.T.)",GBP,0
EXR.D.GBP.EUR.SP00.A,D,GBP,EUR,SP00,A,2023-06-08,0.86113,A,F,,,P1D,,A,,,,,,,99Q1=100,,,5,,4F0,,Pound sterling/Euro ECB reference exchange rate,"ECB reference exchange rate, Pound sterling/Euro, 2.15 pm (C.E.T.)",GBP,0
EXR.D.GBP.EUR.SP00.A,D,GBP,EUR,SP00,A,2023-06-09,0.85795,A,F,,,P1D,,A,,,,,,,99Q1=100,,,5,,4F0,,Pound sterling/Euro ECB reference exchange rate,"ECB reference exchange rate, Pound sterling/Euro, 2.15 pm (C.E.T.)",GBP,0
EXR.D.GBP.EUR.SP00.A,D,GBP,EUR,SP00,A,2023-06-12,0.85678,A,F,,,P1D,,A,,,,,,,99Q1=100,,,5,,4F0,,Pound sterling/Euro ECB reference exchange rate,"ECB reference exchange rate, Pound sterling/Euro, 2.15 pm (C.E.T.)",GBP,0
EXR.D.GBP.EUR.SP00.A,D,GBP,EUR,SP00,A,2023-06-13,0.8585,A,F,,,P1D,,A,,,,,,,99Q1=100,,,5,,4F0,,Pound sterling/Euro ECB reference exchange rate,"ECB reference exchange rate, Pound sterling/Euro, 2.15 pm (C.E.T.)",GBP,0
EXR.D.GBP.EUR.SP00.A,D,GBP,EUR,SP00,A,2023-06-14,0.85455,A,F,,,P1D,,A,,,,,,,99Q1=100,,,5,,4F0,,Pound sterling/Euro ECB reference exchange rate,"ECB reference exchange rate, Pound sterling/Euro, 2.15 pm (C.E.T.)",GBP,0
EXR.D.GBP.EUR.SP00.A,D,GBP,EUR,SP00,A,2023-06-15,0.85555,A,F,,,P1D,,A,,,,,,,99Q1=100,,,5,,4F0,,Pound sterling/Euro ECB reference exchange rate,"ECB reference exchange rate, Pound sterling/Euro, 2.15 pm (C.E.T.)",GBP,0
EXR.D.GBP.EUR.SP00.A,D,GBP,EUR,SP00,A,2023-06-16,0.85428,A,F,,,P1D,,A,,,,,,,99Q1=100,,,5,,4F0,,Pound sterling/Euro ECB reference exchange rate,"ECB reference exchange rate, Pound sterling/Euro, 2.15 pm (C.E.T.)",GBP,0
EXR.D.GBP.EUR.SP00.A,D,GBP,EUR,SP00,A,2023-06-19,0.85268,A,F,,,P1D,,A,,,,,,,99Q1=100,,,5,,4F0,,Pound sterling/Euro ECB reference exchange rate,"ECB reference exchange rate, Pound sterling/Euro, 2.15 pm (C.E.T.)",GBP,0
EXR.D.GBP.EUR.SP00.A,D,GBP,EUR,SP00,A,2023-06-20,0.85705,A,F,,,P1D,,A,,,,,,,99Q1=100,,,5,,4F0,,Pound sterling/Euro ECB reference exchange rate,"ECB reference exchange rate, Pound sterling/Euro, 2.15 pm (C.E.T.)",GBP,0
EXR.D.GBP.EUR.SP00.A,D,GBP,EUR,SP00,A,2023-06-21,0.85828,A,F,,,P1D,,A,,,,,,,99Q1=100,,,5,,4F0,,Pound sterling/Euro ECB reference exchange rate,"ECB reference exchange rate, Pound sterling/Euro, 2.15 pm (C.E.T.)",GBP,0
EXR.D.GBP.EUR.SP00.A,D,GBP,EUR,SP00,A,2023-06-22,0.86115,A,F,,,P1D,,A,,,,,,,99Q1=100,,,5,,4F0,,Pound sterling/Euro ECB reference exchange rate,"ECB reference exchange rate, Pound sterling/Euro, 2.15 pm (C.E.T.)",GBP,0
EXR.D.GBP.EUR.SP00.A,D,GBP,EUR,SP00,A,2023-06-23,0.85479,A,F,,,P1D,,A,,,,,,,99Q1=100,,,5,,4F0,,Pound sterling/Euro ECB reference exchange rate,"ECB reference exchange rate, Pound sterling/Euro, 2.15 pm (C.E.T.)",GBP,0
EXR.D.GBP.EUR.SP00.A,D,GBP,EUR,SP00,A,2023-06-26,0.85878,A,F,,,P1D,,A,,,,,,,99Q1=100,,,5,,4F0,,Pound sterling/Euro ECB reference exchange rate,"ECB reference exchange rate, Pound sterling/Euro, 2.15 pm (C.E.T.)",GBP,0
EXR.D.GBP.EUR.SP00.A,D,GBP,EUR,SP00,A,2023-06-27,0.8599,A,F,,,P1D,,A,,,,,,,99Q1=100,,,5,,4F0,,Pound sterling/Euro ECB reference exchange rate,"ECB reference exchange rate, Pound sterling/Euro, 2.15 pm (C.E.T.)",GBP,0
EXR.D.GBP.EUR.SP00.A,D,GBP,EUR,SP00,A,2023-06-28,0.8642,A,F,,,P1D,,A,,,,,,,99Q1=100,,,5,,4F0,,Pound sterling/Euro ECB reference exchange rate,"ECB reference exchange rate, Pound sterling/Euro, 2.15 pm (C.E.T.)",GBP,0
EXR.D.GBP.EUR.SP00.A,D,GBP,EUR,SP00,A,2023-06-29,0.864,A,F,,,P1D,,A,,,,,,,99Q1=100,,,5,,4F0,,Pound sterling/Euro ECB reference exchange rate,"ECB reference exchange rate, Pound sterling/Euro, 2.15 pm (C.E.T.)",GBP,0
EXR.D.GBP.EUR.SP00.A,D,GBP,EUR,SP00,A,2023-06-30,0.85828,A,F,,,P1D,,A,,,,,,,99Q1=100,,,5,,4F0,,Pound sterling/Euro ECB reference exchange rate,"ECB reference exchange rate, Pound sterling/Euro, 2.15 pm (C.E.T.)",GBP,0
EXR.D.GBP.EUR.SP00.A,D,GBP,EUR,SP00,A,2023-07-03,0.8598,A,F,,,P1D,,A,,,,,,,99Q1=100,,,5,,4F0,,Pound sterling/Euro ECB reference exchange rate,"ECB reference exchange rate, Pound sterling/Euro, 2.15 pm (C.E.T.)",GBP,0
EXR.D.GBP.EUR.SP00.A,D,GBP,EUR,SP00,A,2023-07-04,0.85673,A,F,,,P1D,,A,,,,,,,99Q1=100,,,5,,4F0,,Pound sterling/Euro ECB reference exchange rate,"ECB reference exchange rate, Pound sterling/Euro, 2.15 pm (C.E.T.)",GBP,0
EXR.D.GBP.EUR.SP00.A,D,GBP,EUR,SP00,A,2023-07-05,0.85685,A,F,,,P1D,,A,,,,,,,99Q1=100,,,5,,4F0,,Pound sterling/Euro ECB reference exchange rate,"ECB reference exchange rate, Pound sterling/Euro, 2.15 pm (C.E.T.)",GBP,0
EXR.D.GBP.EUR.SP00.A,D,GBP,EUR,SP00,A,2023-07-06,0.8531,A,F,,,P1D,,A,,,,,,,99Q1=100,,,5,,4F0,,Pound sterling/Euro ECB reference exchange rate,"ECB reference exchange rate, Pound sterling/Euro, 2.15 pm (C.E.T.)",GBP,0
EXR.D.GBP.EUR.SP00.A,D,GBP,EUR,SP00,A,2023-07-07,0.85298,A,F,,,P1D,,A,,,,,,,99Q1=100,,,5,,4F0,,Pound sterling/Euro ECB reference exchange rate,"ECB reference exchange rate, Pound sterling/Euro, 2.15 pm (C.E.T.)",GBP,0
EXR.D.GBP.EUR.SP00.A,D,GBP,EUR,SP00,A,2023-07-10,0.85733,A,F,,,P1D,,A,,,,,,,99Q1=100,,,5,,4F0,,Pound sterling/Euro ECB reference exchange rate,"ECB reference exchange rate, Pound sterling/Euro, 2.15 pm (C.E.T.)",GBP,0
EXR.D.GBP.EUR.SP00.A,D,GBP,EUR,SP00,A,2023-07-11,0.8511,A,F,,,P1D,,A,,,,,,,99Q1=100,,,5,,4F0,,Pound sterling/Euro ECB reference exchange rate,"ECB reference exchange rate, Pound sterling/Euro, 2.15 pm (C.E.T.)",GBP,0
EXR.D.GBP.EUR.SP00.A,D,GBP,EUR,SP00,A,2023-07-12,0.85378,A,F,,,P1D,,A,,,,,,,99Q1=100,,,5,,4F0,,Pound sterling/Euro ECB reference exchange rate,"ECB reference exchange rate, Pound sterling/Euro, 2.15 pm (C.E.T.)",GBP,0
EXR.D.GBP.EUR.SP00.A,D,GBP,EUR,SP00,A,2023-07-13,0.85553,A,F,,,P1D,,A,,,,,,,99Q1=100,,,5,,4F0,,Pound sterling/Euro ECB reference exchange rate,"ECB reference exchange rate, Pound sterling/Euro, 2.15 pm (C.E.T.)",GBP,0
EXR.D.GBP.EUR.SP00.A,D,GBP,EUR,SP00,A,2023-07-14,0.8559,A,F,,,P1D,,A,,,,,,,99Q1=100,,,5,,4F0,,Pound sterling/Euro ECB reference exchange rate,"ECB reference exchange rate, Pound sterling/Euro, 2.15 pm (C.E.T.)",GBP,0
EXR.D.GBP.EUR.SP00.A,D,GBP,EUR,SP00,A,2023-07-17,0.85873,A,F,,,P1D,,A,,,,,,,99Q1=100,,,5,,4F0,,Pound sterling/Euro ECB reference exchange rate,"ECB reference exchange rate, Pound sterling/Euro, 2.15 pm (C.E.T.)",GBP,0
EXR.D.GBP.EUR.SP00.A,D,GBP,EUR,SP00,A,2023-07-18,0.85838,A,F,,,P1D,,A,,,,,,,99Q1=100,,,5,,4F0,,Pound sterling/Euro ECB reference exchange rate,"ECB reference exchange rate, Pound sterling/Euro, 2.15 pm (C.E.T.)",GBP,0
EXR.D.GBP.EUR.SP00.A,D,GBP,EUR,SP00,A,2023-07-19,0.86918,A,F,,,P1D,,A,,,,,,,99Q1=100,,,5,,4F0,,Pound sterling/Euro ECB reference exchange rate,"ECB reference exchange rate, Pound sterling/Euro, 2.15 pm (C.E.T.)",GBP,0
EXR.D.GBP.EUR.SP00.A,D,GBP,EUR,SP00,A,2023-07-20,0.8692,A,F,,,P1D,,A,,,,,,,99Q1=100,,,5,,4F0,,Pound sterling/Euro ECB reference exchange rate,"ECB reference exchange rate, Pound sterling/Euro, 2.15 pm (C.E.T.)",GBP,0
EXR.D.GBP.EUR.SP00.A,D,GBP,EUR,SP00,A,2023-07-21,0.86706,A,F,,,P1D,,A,,,,,,,99Q1=100,,,5,,4F0,,Pound sterling/Euro ECB reference exchange rate,"ECB reference exchange rate, Pound sterling/Euro, 2.15 pm (C.E.T.)",GBP,0
EXR.D.GBP.EUR.SP00.A,D,GBP,EUR,SP00,A,2023-07-24,0.8635,A,F,,,P1D,,A,,,,,,,99Q1=100,,,5,,4F0,,Pound sterling/Euro ECB reference exchange rate,"ECB reference exchange rate, Pound sterling/Euro, 2.15 pm (C.E.T.)",GBP,0
EXR.D.GBP.EUR.SP00.A,D,GBP,EUR,SP00,A,2023-07-25,0.86148,A,F,,,P1D,,A,,,,,,,99Q1=100,,,5,,4F0,,Pound sterling/Euro ECB reference exchange rate,"ECB reference exchange rate, Pound sterling/Euro, 2.15 pm (C.E.T.)",GBP,0
EXR.D.GBP.EUR.SP00.A,D,GBP,EUR,SP00,A,2023-07-26,0.85695,A,F,,,P1D,,A,,,,,,,99Q1=100,,,5,,4F0,,Pound sterling/Euro ECB reference exchange rate,"ECB reference exchange rate, Pound sterling/Euro, 2.15 pm (C.E.T.)",GBP,0
EXR.D.GBP.EUR.SP00.A,D,GBP,EUR,SP00,A,2023-07-27,0.85885,A,F,,,P1D,,A,,,,,,,99Q1=100,,,5,,4F0,,Pound sterling/Euro ECB reference exchange rate,"ECB reference exchange rate, Pound sterling/Euro, 2.15 pm (C.E.T.)",GBP,0
EXR.D.GBP.EUR.SP00.A,D,GBP,EUR,SP00,A,2023-07-28,0.8556,A,F,,,P1D,,A,,,,,,,99Q1=100,,,5,,4F0,,Pound sterling/Euro ECB reference exchange rate,"ECB reference exchange rate, Pound sterling/Euro, 2.15 pm (C.E.T.)",GBP,0
EXR.D.GBP.EUR.SP00.A,D,GBP,EUR,SP00,A,2023-07-31,0.85765,A,F,,,P1D,,A,,,,,,,99Q1=100,,,5,,4F0,,Pound sterling/Euro ECB reference exchange rate,"ECB reference exchange rate, Pound sterling/Euro, 2.15 pm (C.E.T.)",GBP,0
EXR.D.GBP.EUR.SP00.A,D,GBP,EUR,SP00,A,2023-08-01,0.85865,A,F,,,P1D,,A,,,,,,,99Q1=100,,,5,,4F0,,Pound sterling/Euro ECB reference exchange rate,"ECB reference exchange rate, Pound sterling/Euro, 2.15 pm (C.E.T.)",GBP,0
EXR.D.GBP.EUR.SP00.A,D,GBP,EUR,SP00,A,2023-08-02,0.86038,A,F,,,P1D,,A,,,,,,,99Q1=100,,,5,,4F0,,Pound sterling/Euro ECB reference exchange rate,"ECB reference exchange rate, Pound sterling/Euro, 2.15 pm (C.E.T.)",GBP,0
EXR.D.GBP.EUR.SP00.A,D,GBP,EUR,SP00,A,2023-08-03,0.86468,A,F,,,P1D,,A,,,,,,,99Q1=100,,,5,,4F0,,Pound sterling/Euro ECB reference exchange rate,"ECB reference exchange rate, Pound sterling/Euro, 2.15 pm (C.E.T.)",GBP,0
EXR.D.GBP.EUR.SP00.A,D,GBP,EUR,SP00,A,2023-08-04,0.86193,A,F,,,P1D,,A,,,,,,,99Q1=100,,,5,,4F0,,Pound sterling/Euro ECB reference exchange rate,"ECB reference exchange rate, Pound sterling/Euro, 2.15 pm (C.E.T.)",GBP,0
EXR.D.GBP.EUR.SP00.A,D,GBP,EUR,SP00,A,2023-08-07,0.86163,A,F,,,P1D,,A,,,,,,,99Q1=100,,,5,,4F0,,Pound sterling/Euro ECB reference exchange rate,"ECB reference exchange rate, Pound sterling/Euro, 2.15 pm (C.E.T.)",GBP,0
EXR.D.GBP.EUR.SP00.A,D,GBP,EUR,SP00,A,2023-08-08,0.86158,A,F,,,P1D,,A,,,,,,,99Q1=100,,,5,,4F0,,Pound sterling/Euro ECB reference exchange rate,"ECB reference exchange rate, Pound sterling/Euro, 2.15 pm (C.E.T.)",GBP,0
EXR.D.GBP.EUR.SP00.A,D,GBP,EUR,SP00,A,2023-08-09,0.8618,A,F,,,P1D,,A,,,,,,,99Q1=100,,,5,,4F0,,Pound sterling/Euro ECB reference exchange rate,"ECB reference exchange rate, Pound sterling/Euro, 2.15 pm (C.E.T.)",GBP,0
EXR.D.GBP.EUR.SP00.A,D,GBP,EUR,SP00,A,2023-08-10,0.86313,A,F,,,P1D,,A,,,,,,,99Q1=100,,,5,,4F0,,Pound sterling/Euro ECB reference exchange rate,"ECB reference exchange rate, Pound sterling/Euro, 2.15 pm (C.E.T.)",GBP,0
EXR.D.GBP.EUR.SP00.A,D,GBP,EUR,SP00,A,2023-08-11,0.86415,A,F,,,P1D,,A,,,,,,,99Q1=100,,,5,,4F0,,Pound sterling/Euro ECB reference exchange rate,"ECB reference exchange rate, Pound sterling/Euro, 2.15 pm (C.E.T.)",GBP,0
EXR.D.GBP.EUR.SP00.A,D,GBP,EUR,SP00,A,2023-08-14,0.86215,A,F,,,P1D,,A,,,,,,,99Q1=100,,,5,,4F0,,Pound sterling/Euro ECB reference exchange rate,"ECB reference exchange rate, Pound sterling/Euro, 2.15 pm (C.E.T.)",GBP,0
EXR.D.GBP.EUR.SP00.A,D,GBP,EUR,SP00,A,2023-08-15,0.85955,A,F,,,P1D,,A,,,,,,,99Q1=100,,,5,,4F0,,Pound sterling/Euro ECB reference exchange rate,"ECB reference exchange rate, Pound sterling/Euro, 2.15 pm (C.E.T.)",GBP,0
EXR.D.GBP.EUR.SP00.A,D,GBP,EUR,SP00,A,2023-08-16,0.85645,A,F,,,P1D,,A,,,,,,,99Q1=100,,,5,,4F0,,Pound sterling/Euro ECB reference exchange rate,"ECB reference exchange rate, Pound sterling/Euro, 2.15 pm (C.E.T.)",GBP,0
EXR.D.GBP.EUR.SP00.A,D,GBP,EUR,SP00,A,2023-08-17,0.85395,A,F,,,P1D,,A,,,,,,,99Q1=100,,,5,,4F0,,Pound sterling/Euro ECB reference exchange rate,"ECB reference exchange rate, Pound sterling/Euro, 2.15 pm (C.E.T.)",GBP,0
EXR.D.GBP.EUR.SP00.A,D,GBP,EUR,SP00,A,2023-08-18,0.85493,A,F,,,P1D,,A,,,,,,,99Q1=100,,,5,,4F0,,Pound sterling/Euro ECB reference exchange rate,"ECB reference exchange rate, Pound sterling/Euro, 2.15 pm (C.E.T.)",GBP,0
EXR.D.GBP.EUR.SP00.A,D,GBP,EUR,SP00,A,2023-08-21,0.85475,A,F,,,P1D,,A,,,,,,,99Q1=100,,,5,,4F0,,Pound sterling/Euro ECB reference exchange rate,"ECB reference exchange rate, Pound sterling/Euro, 2.15 pm (C.E.T.)",GBP,0
EXR.D.GBP.EUR.SP00.A,D,GBP,EUR,SP00,A,2023-08-22,0.85288,A,F,,,P1D,,A,,,,,,,99Q1=100,,,5,,4F0,,Pound sterling/Euro ECB reference exchange rate,"ECB reference exchange rate, Pound sterling/Euro, 2.15 pm (C.E.T.)",GBP,0
EXR.D.GBP.EUR.SP00.A,D,GBP,EUR,SP00,A,2023-08-23,0.85653,A,F,,,P1D,,A,,,,,,,99Q1=100,,,5,,4F0,,Pound sterling/Euro ECB reference exchange rate,"ECB reference exchange rate, Pound sterling/Euro, 2.15 pm (C.E.T.)",GBP,0
EXR.D.GBP.EUR.SP00.A,D,GBP,EUR,SP00,A,2023-08-24,0.8565,A,F,,,P1D,,A,,,,,,,99Q1=100,,,5,,4F0,,Pound sterling/Euro ECB reference exchange rate,"ECB reference exchange rate, Pound sterling/Euro, 2.15 pm (C.E.T.)",GBP,0
EXR.D.GBP.EUR.SP00.A,D,GBP,EUR,SP00,A,2023-08-25,0.85643,A,F,,,P1D,,A,,,,,,,99Q1=100,,,5,,4F0,,Pound sterling/Euro ECB reference exchange rate,"ECB reference exchange rate, Pound sterling/Euro, 2.15 pm (C.E.T.)",GBP,0
EXR.D.GBP.EUR.SP00.A,D,GBP,EUR,SP00,A,2023-08-28,0.85815,A,F,,,P1D,,A,,,,,,,99Q1=100,,,5,,4F0,,Pound sterling/Euro ECB reference exchange rate,"ECB reference exchange rate, Pound sterling/Euro, 2.15 pm (C.E.T.)",GBP,0
EXR.D.GBP.EUR.SP00.A,D,GBP,EUR,SP00,A,2023-08-29,0.8586,A,F,,,P1D,,A,,,,,,,99Q1=100,,,5,,4F0,,Pound sterling/Euro ECB reference exchange rate,"ECB reference exchange rate, Pound sterling/Euro, 2.15 pm (C.E.T.)",GBP,0
EXR.D.GBP.EUR.SP00.A,D,GBP,EUR,SP00,A,2023-08-30,0.8592,A,F,,,P1D,,A,,,,,,,99Q1=100,,,5,,4F0,,Pound sterling/Euro ECB reference exchange rate,"ECB reference exchange rate, Pound sterling/Euro, 2.15 pm (C.E.T.)",GBP,0
EXR.D.GBP.EUR.SP00.A,D,GBP,EUR,SP00,A,2023-08-31,0.85718,A,F,,,P1D,,A,,,,,,,99Q1=100,,,5,,4F0,,Pound sterling/Euro ECB reference exchange rate,"ECB reference exchange rate, Pound sterling/Euro, 2.15 pm (C.E.T.)",GBP,0
EXR.D.GBP.EUR.SP00.A,D,GBP,EUR,SP00,A,2023-09-01,0.85538,A,F,,,P1D,,A,,,,,,,99Q1=100,,,5,,4F0,,Pound sterling/Euro ECB reference exchange rate,"ECB reference exchange rate, Pound sterling/Euro, 2.15 pm (C.E.T.)",GBP,0
EXR.D.GBP.EUR.SP00.A,D,GBP,EUR,SP00,A,2023-09-04,0.8555,A,F,,,P1D,,A,,,,,,,99Q1=100,,,5,,4F0,,Pound sterling/Euro ECB reference exchange rate,"ECB reference exchange rate, Pound sterling/Euro, 2.15 pm (C.E.T.)",GBP,0
EXR.D.GBP.EUR.SP00.A,D,GBP,EUR,SP00,A,2023-09-05,0.85535,A,F,,,P1D,,A,,,,,,,99Q1=100,,,5,,4F0,,Pound sterling/Euro ECB reference exchange rate,"ECB reference exchange rate, Pound sterling/Euro, 2.15 pm (C.E.T.)",GBP,0
EXR.D.GBP.EUR.SP00.A,D,GBP,EUR,SP00,A,2023-09-06,0.85503,A,F,,,P1D,,A,,,,,,,99Q1=100,,,5,,4F0,,Pound sterling/Euro ECB reference exchange rate,"ECB reference exchange rate, Pound sterling/Euro, 2.15 pm (C.E.T.)",GBP,0
EXR.D.GBP.EUR.SP00.A,D,GBP,EUR,SP00,A,2023-09-07,0.859,A,F,,,P1D,,A,,,,,,,99Q1=100,,,5,,4F0,,Pound sterling/Euro ECB reference exchange rate,"ECB reference exchange rate, Pound sterling/Euro, 2.15 pm (C.E.T.)",GBP,0
EXR.D.GBP.EUR.SP00.A,D,GBP,EUR,SP00,A,2023-09-08,0.85735,A,F,,,P1D,,A,,,,,,,99Q1=100,,,5,,4F0,,Pound sterling/Euro ECB reference exchange rate,"ECB reference exchange rate, Pound sterling/Euro, 2.15 pm (C.E.T.)",GBP,0
EXR.D.GBP.EUR.SP00.A,D,GBP,EUR,SP00,A,2023-09-11,0.8565,A,F,,,P1D,,A,,,,,,,99Q1=100,,,5,,4F0,,Pound sterling/Euro ECB reference exchange rate,"ECB reference exchange rate, Pound sterling/Euro, 2.15 pm (C.E.T.)",GBP,0
EXR.D.GBP.EUR.SP00.A,D,GBP,EUR,SP00,A,2023-09-12,0.85925,A,F,,,P1D,,A,,,,,,,99Q1=100,,,5,,4F0,,Pound sterling/Euro ECB reference exchange rate,"ECB reference exchange rate, Pound sterling/Euro, 2.15 pm (C.E.T.)",GBP,0
EXR.D.GBP.EUR.SP00.A,D,GBP,EUR,SP00,A,2023-09-13,0.8609,A,F,,,P1D,,A,,,,,,,99Q1=100,,,5,,4F0,,Pound sterling/Euro ECB reference exchange rate,"ECB reference exchange rate, Pound sterling/Euro, 2.15 pm (C.E.T.)",GBP,0
EXR.D.GBP.EUR.SP00.A,D,GBP,EUR,SP00,A,2023-09-14,0.85995,A,F,,,P1D,,A,,,,,,,99Q1=100,,,5,,4F0,,Pound sterling/Euro ECB reference exchange rate,"ECB reference exchange rate, Pound sterling/Euro, 2.15 pm (C.E.T.)",GBP,0
EXR.D.GBP.EUR.SP00.A,D,GBP,EUR,SP00,A,2023-09-15,0.85878,A,F,,,P1D,,A,,,,,,,99Q1=100,,,5,,4F0,,Pound sterling/Euro ECB reference exchange rate,"ECB reference exchange rate, Pound sterling/Euro, 2.15 pm (C.E.T.)",GBP,0
EXR.D.GBP.EUR.SP00.A,D,GBP,EUR,SP00,A,2023-09-18,0.86141,A,F,,,P1D,,A,,,,,,,99Q1=100,,,5,,4F0,,Pound sterling/Euro ECB reference exchange rate,"ECB reference exchange rate, Pound sterling/Euro, 2.15 pm (C.E.T.)",GBP,0
EXR.D.GBP.EUR.SP00.A,D,GBP,EUR,SP00,A,2023-09-19,0.86263,A,F,,,P1D,,A,,,,,,,99Q1=100,,,5,,4F0,,Pound sterling/Euro ECB reference exchange rate,"ECB reference exchange rate, Pound sterling/Euro, 2.15 pm (C.E.T.)",GBP,0
EXR.D.GBP.EUR.SP00.A,D,GBP,EUR,SP00,A,2023-09-20,0.8653,A,F,,,P1D,,A,,,,,,,99Q1=100,,,5,,4F0,,Pound sterling/Euro ECB reference exchange rate,"ECB reference exchange rate, Pound sterling/Euro, 2.15 pm (C.E.T.)",GBP,0
EXR.D.GBP.EUR.SP00.A,D,GBP,EUR,SP00,A,2023-09-21,0.86713,A,F,,,P1D,,A,,,,,,,99Q1=100,,,5,,4F0,,Pound sterling/Euro ECB reference exchange rate,"ECB reference exchange rate, Pound sterling/Euro, 2.15 pm (C.E.T.)",GBP,0
EXR.D.GBP.EUR.SP00.A,D,GBP,EUR,SP00,A,2023-09-22,0.86795,A,F,,,P1D,,A,,,,,,,99Q1=100,,,5,,4F0,,Pound sterling/Euro ECB reference exchange rate,"ECB reference exchange rate, Pound sterling/Euro, 2.15 pm (C.E.T.)",GBP,0
EXR.D.GBP.EUR.SP00.A,D,GBP,EUR,SP00,A,2023-09-25,0.86965,A,F,,,P1D,,A,,,,,,,99Q1=100,,,5,,4F0,,Pound sterling/Euro ECB reference exchange rate,"ECB reference exchange rate, Pound sterling/Euro, 2.15 pm (C.E.T.)",GBP,0
EXR.D.GBP.EUR.SP00.A,D,GBP,EUR,SP00,A,2023-09-26,0.8702,A,F,,,P1D,,A,,,,,,,99Q1=100,,,5,,4F0,,Pound sterling/Euro ECB reference exchange rate,"ECB reference exchange rate, Pound sterling/Euro, 2.15 pm (C.E.T.)",GBP,0
EXR.D.GBP.EUR.SP00.A,D,GBP,EUR,SP00,A,2023-09-27,0.8681,A,F,,,P1D,,A,,,,,,,99Q1=100,,,5,,4F0,,Pound sterling/Euro ECB reference exchange rate,"ECB reference exchange rate, Pound sterling/Euro, 2.15 pm (C.E.T.)",GBP,0
EXR.D.GBP.EUR.SP00.A,D,GBP,EUR,SP00,A,2023-09-28,0.86333,A,F,,,P1D,,A,,,,,,,99Q1=100,,,5,,4F0,,Pound sterling/Euro ECB reference exchange rate,"ECB reference exchange rate, Pound sterling/Euro, 2.15 pm (C.E.T.)",GBP,0
EXR.D.GBP.EUR.SP00.A,D,GBP,EUR,SP00,A,2023-09-29,0.86458,A,F,,,P1D,,A,,,,,,,99Q1=100,,,5,,4F0,,Pound sterling/Euro ECB reference exchange rate,"ECB reference exchange rate, Pound sterling/Euro, 2.15 pm (C.E.T.)",GBP,0
EXR.D.GBP.EUR.SP00.A,D,GBP,EUR,SP00,A,2023-10-02,0.86628,A,F,,,P1D,,A,,,,,,,99Q1=100,,,5,,4F0,,Pound sterling/Euro ECB reference exchange rate,"ECB reference exchange rate, Pound sterling/Euro, 2.15 pm (C.E.T.)",GBP,0
EXR.D.GBP.EUR.SP00.A,D,GBP,EUR,SP00,A,2023-10-03,0.86775,A,F,,,P1D,,A,,,,,,,99Q1=100,,,5,,4F0,,Pound sterling/Euro ECB reference exchange rate,"ECB reference exchange rate, Pound sterling/Euro, 2.15 pm (C.E.T.)",GBP,0
EXR.D.GBP.EUR.SP00.A,D,GBP,EUR,SP00,A,2023-10-04,0.86588,A,F,,,P1D,,A,,,,,,,99Q1=100,,,5,,4F0,,Pound sterling/Euro ECB reference exchange rate,"ECB reference exchange rate, Pound sterling/Euro, 2.15 pm (C.E.T.)",GBP,0
EXR.D.GBP.EUR.SP00.A,D,GBP,EUR,SP00,A,2023-10-05,0.86605,A,F,,,P1D,,A,,,,,,,99Q1=100,,,5,,4F0,,Pound sterling/Euro ECB reference exchange rate,"ECB reference exchange rate, Pound sterling/Euro, 2.15 pm (C.E.T.)",GBP,0
EXR.D.GBP.EUR.SP00.A,D,GBP,EUR,SP00,A,2023-10-06,0.8651,A,F,,,P1D,,A,,,,,,,99Q1=100,,,5,,4F0,,Pound sterling/Euro ECB reference exchange rate,"ECB reference exchange rate, Pound sterling/Euro, 2.15 pm (C.E.T.)",GBP,0
EXR.D.GBP.EUR.SP00.A,D,GBP,EUR,SP00,A,2023-10-09,0.8652,A,F,,,P1D,,A,,,,,,,99Q1=100,,,5,,4F0,,Pound sterling/Euro ECB reference exchange rate,"ECB reference exchange rate, Pound sterling/Euro, 2.15 pm (C.E.T.)",GBP,0
EXR.D.GBP.EUR.SP00.A,D,GBP,EUR,SP00,A,2023-10-10,0.8639,A,F,,,P1D,,A,,,,,,,99Q1=100,,,5,,4F0,,Pound sterling/Euro ECB reference exchange rate,"ECB reference exchange rate, Pound sterling/Euro, 2.15 pm (C.E.T.)",GBP,0
EXR.D.GBP.EUR.SP00.A,D,GBP,EUR,SP00,A,2023-10-11,0.86265,A,F,,,P1D,,A,,,,,,,99Q1=100,,,5,,4F0,,Pound sterling/Euro ECB reference exchange rate,"ECB reference exchange rate, Pound sterling/Euro, 2.15 pm (C.E.T.)",GBP,0
EXR.D.GBP.EUR.SP00.A,D,GBP,EUR,SP00,A,2023-10-12,0.8626,A,F,,,P1D,,A,,,,,,,99Q1=100,,,5,,4F0,,Pound sterling/Euro ECB reference exchange rate,"ECB reference exchange rate, Pound sterling/Euro, 2.15 pm (C.E.T.)",GBP,0
EXR.D.GBP.EUR.SP00.A,D,GBP,EUR,SP00,A,2023-10-13,0.86415,A,F,,,P1D,,A,,,,,,,99Q1=100,,,5,,4F0,,Pound sterling/Euro ECB reference exchange rate,"ECB reference exchange rate, Pound sterling/Euro, 2.15 pm (C.E.T.)",GBP,0
EXR.D.GBP.EUR.SP00.A,D,GBP,EUR,SP00,A,2023-10-16,0.86545,A,F,,,P1D,,A,,,,,,,99Q1=100,,,5,,4F0,,Pound sterling/Euro ECB reference exchange rate,"ECB reference exchange rate, Pound sterling/Euro, 2.15 pm (C.E.T.)",GBP,0
EXR.D.GBP.EUR.SP00.A,D,GBP,EUR,SP00,A,2023-10-17,0.8682,A,F,,,P1D,,A,,,,,,,99Q1=100,,,5,,4F0,,Pound sterling/Euro ECB reference exchange rate,"ECB reference exchange rate, Pound sterling/Euro, 2.15 pm (C.E.T.)",GBP,0
EXR.D.GBP.EUR.SP00.A,D,GBP,EUR,SP00,A,2023-10-18,0.8661,A,F,,,P1D,,A,,,,,,,99Q1=100,,,5,,4F0,,Pound sterling/Euro ECB reference exchange rate,"ECB reference exchange rate, Pound sterling/Euro, 2.15 pm (C.E.T.)",GBP,0
EXR.D.GBP.EUR.SP00.A,D,GBP,EUR,SP00,A,2023-10-19,0.87098,A,F,,,P1D,,A,,,,,,,99Q1=100,,,5,,4F0,,Pound sterling/Euro ECB reference exchange rate,"ECB reference exchange rate, Pound sterling/Euro, 2.15 pm (C.E.T.)",GBP,0
EXR.D.GBP.EUR.SP00.A,D,GBP,EUR,SP00,A,2023-10-20,0.87213,A,F,,,P1D,,A,,,,,,,99Q1=100,,,5,,4F0,,Pound sterling/Euro ECB reference exchange rate,"ECB reference exchange rate, Pound sterling/Euro, 2.15 pm (C.E.T.)",GBP,0
EXR.D.GBP.EUR.SP00.A,D,GBP,EUR,SP00,A,2023-10-23,0.87153,A,F,,,P1D,,A,,,,,,,99Q1=100,,,5,,4F0,,Pound sterling/Euro ECB reference exchange rate,"ECB reference exchange rate, Pound sterling/Euro, 2.15 pm (C.E.T.)",GBP,0
EXR.D.GBP.EUR.SP00.A,D,GBP,EUR,SP00,A,2023-10-24,0.87025,A,F,,,P1D,,A,,,,,,,99Q1=100,,,5,,4F0,,Pound sterling/Euro ECB reference exchange rate,"ECB reference exchange rate, Pound sterling/Euro, 2.15 pm (C.E.T.)",GBP,0
EXR.D.GBP.EUR.SP00.A,D,GBP,EUR,SP00,A,2023-10-25,0.8724,A,F,,,P1D,,A,,,,,,,99Q1=100,,,5,,4F0,,Pound sterling/Euro ECB reference exchange rate,"ECB reference exchange rate, Pound sterling/Euro, 2.15 pm (C.E.T.)",GBP,0
EXR.D.GBP.EUR.SP00.A,D,GBP,EUR,SP00,A,2023-10-26,0.8717,A,F,,,P1D,,A,,,,,,,99Q1=100,,,5,,4F0,,Pound sterling/Euro ECB reference exchange rate,"ECB reference exchange rate, Pound sterling/Euro, 2.15 pm (C.E.T.)",GBP,0
EXR.D.GBP.EUR.SP00.A,D,GBP,EUR,SP00,A,2023-10-27,0.87023,A,F,,,P1D,,A,,,,,,,99Q1=100,,,5,,4F0,,Pound sterling/Euro ECB reference exchange rate,"ECB reference exchange rate, Pound sterling/Euro, 2.15 pm (C.E.T.)",GBP,0
EXR.D.GBP.EUR.SP00.A,D,GBP,EUR,SP00,A,2023-10-30,0.87345,A,F,,,P1D,,A,,,,,,,99Q1=100,,,5,,4F0,,Pound sterling/Euro ECB reference exchange rate,"ECB reference exchange rate, Pound sterling/Euro, 2.15 pm (C.E.T.)",GBP,0
EXR.D.GBP.EUR.SP00.A,D,GBP,EUR,SP00,A,2023-10-31,0.87366,A,F,,,P1D,,A,,,,,,,99Q1=100,,,5,,4F0,,Pound sterling/Euro ECB reference exchange rate,"ECB reference exchange rate, Pound sterling/Euro, 2.15 pm (C.E.T.)",GBP,0
EXR.D.GBP.EUR.SP00.A,D,GBP,EUR,SP00,A,2023-11-01,0.86945,A,F,,,P1D,,A,,,,,,,99Q1=100,,,5,,4F0,,Pound sterling/Euro ECB reference exchange rate,"ECB reference exchange rate, Pound sterling/Euro, 2.15 pm (C.E.T.)",GBP,0
EXR.D.GBP.EUR.SP00.A,D,GBP,EUR,SP00,A,2023-11-02,0.87305,A,F,,,P1D,,A,,,,,,,99Q1=100,,,5,,4F0,,Pound sterling/Euro ECB reference exchange rate,"ECB reference exchange rate, Pound sterling/Euro, 2.15 pm (C.E.T.)",GBP,0
EXR.D.GBP.EUR.SP00.A,D,GBP,EUR,SP00,A,2023-11-03,0.86983,A,F,,,P1D,,A,,,,,,,99Q1=100,,,5,,4F0,,Pound sterling/Euro ECB reference exchange rate,"ECB reference exchange rate, Pound sterling/Euro, 2.15 pm (C.E.T.)",GBP,0
EXR.D.GBP.EUR.SP00.A,D,GBP,EUR,SP00,A,2023-11-06,0.8664,A,F,,,P1D,,A,,,,,,,99Q1=100,,,5,,4F0,,Pound sterling/Euro ECB reference exchange rate,"ECB reference exchange rate, Pound sterling/Euro, 2.15 pm (C.E.T.)",GBP,0
EXR.D.GBP.EUR.SP00.A,D,GBP,EUR,SP00,A,2023-11-07,0.86855,A,F,,,P1D,,A,,,,,,,99Q1=100,,,5,,4F0,,Pound sterling/Euro ECB reference exchange rate,"ECB reference exchange rate, Pound sterling/Euro, 2.15 pm (C.E.T.)",GBP,0
EXR.D.GBP.EUR.SP00.A,D,GBP,EUR,SP00,A,2023-11-08,0.87015,A,F,,,P1D,,A,,,,,,,99Q1=100,,,5,,4F0,,Pound sterling/Euro ECB reference exchange rate,"ECB reference exchange rate, Pound sterling/Euro, 2.15 pm (C.E.T.)",GBP,0
EXR.D.GBP.EUR.SP00.A,D,GBP,EUR,SP00,A,2023-11-09,0.87205,A,F,,,P1D,,A,,,,,,,99Q1=100,,,5,,4F0,,Pound sterling/Euro ECB reference exchange rate,"ECB reference exchange rate, Pound sterling/Euro, 2.15 pm (C.E.T.)",GBP,0
EXR.D.GBP.EUR.SP00.A,D,GBP,EUR,SP00,A,2023-11-10,0.87435,A,F,,,P1D,,A,,,,,,,99Q1=100,,,5,,4F0,,Pound sterling/Euro ECB reference exchange rate,"ECB reference exchange rate, Pound sterling/Euro, 2.15 pm (C.E.T.)",GBP,0
EXR.D.GBP.EUR.SP00.A,D,GBP,EUR,SP00,A,2023-11-13,0.87155,A,F,,,P1D,,A,,,,,,,99Q1=100,,,5,,4F0,,Pound sterling/Euro ECB reference exchange rate,"ECB reference exchange rate, Pound sterling/Euro, 2.15 pm (C.E.T.)",GBP,0
EXR.D.GBP.EUR.SP00.A,D,GBP,EUR,SP00,A,2023-11-14,0.8723,A,F,,,P1D,,A,,,,,,,99Q1=100,,,5,,4F0,,Pound sterling/Euro ECB reference exchange rate,"ECB reference exchange rate, Pound sterling/Euro, 2.15 pm (C.E.T.)",GBP,0
EXR.D.GBP.EUR.SP00.A,D,GBP,EUR,SP00,A,2023-11-15,0.87188,A,F,,,P1D,,A,,,,,,,99Q1=100,,,5,,4F0,,Pound sterling/Euro ECB reference exchange rate,"ECB reference exchange rate, Pound sterling/Euro, 2.15 pm (C.E.T.)",GBP,0
EXR.D.GBP.EUR.SP00.A,D,GBP,EUR,SP00,A,2023-11-16,0.8752,A,F,,,P1D,,A,,,,,,,99Q1=100,,,5,,4F0,,Pound sterling/Euro ECB reference exchange rate,"ECB reference exchange rate, Pound sterling/Euro, 2.15 pm (C.E.T.)",GBP,0
EXR.D.GBP.EUR.SP00.A,D,GBP,EUR,SP00,A,2023-11-17,0.87395,A,F,,,P1D,,A,,,,,,,99Q1=100,,,5,,4F0,,Pound sterling/Euro ECB reference exchange rate,"ECB reference exchange rate, Pound sterling/Euro, 2.15 pm (C.E.T.)",GBP,0
EXR.D.GBP.EUR.SP00.A,D,GBP,EUR,SP00,A,2023-11-20,0.8763,A,F,,,P1D,,A,,,,,,,99Q1=100,,,5,,4F0,,Pound sterling/Euro ECB reference exchange rate,"ECB reference exchange rate, Pound sterling/Euro, 2.15 pm (C.E.T.)",GBP,0
EXR.D.GBP.EUR.SP00.A,D,GBP,EUR,SP00,A,2023-11-21,0.87326,A,F,,,P1D,,A,,,,,,,99Q1=100,,,5,,4F0,,Pound sterling/Euro ECB reference exchange rate,"ECB reference exchange rate, Pound sterling/Euro, 2.15 pm (C.E.T.)",GBP,0
EXR.D.GBP.EUR.SP00.A,D,GBP,EUR,SP00,A,2023-11-22,0.8703,A,F,,,P1D,,A,,,,,,,99Q1=100,,,5,,4F0,,Pound sterling/Euro ECB reference exchange rate,"ECB reference exchange rate, Pound sterling/Euro, 2.15 pm (C.E.T.)",GBP,0
EXR.D.GBP.EUR.SP00.A,D,GBP,EUR,SP00,A,2023-11-23,0.8694,A,F,,,P1D,,A,,,,,,,99Q1=100,,,5,,4F0,,Pound sterling/Euro ECB reference exchange rate,"ECB reference exchange rate, Pound sterling/Euro, 2.15 pm (C.E.T.)",GBP,0
EXR.D.GBP.EUR.SP00.A,D,GBP,EUR,SP00,A,2023-11-24,0.86818,A,F,,,P1D,,A,,,,,,,99Q1=100,,,5,,4F0,,Pound sterling/Euro ECB reference exchange rate,"ECB reference exchange rate, Pound sterling/Euro, 2.15 pm (C.E.T.)",GBP,0
EXR.D.GBP.EUR.SP00.A,D,GBP,EUR,SP00,A,2023-11-27,0.86671,A,F,,,P1D,,A,,,,,,,99Q1=100,,,5,,4F0,,Pound sterling/Euro ECB reference exchange rate,"ECB reference exchange rate, Pound sterling/Euro, 2.15 pm (C.E.T.)",GBP,0
EXR.D.GBP.EUR.SP00.A,D,GBP,EUR,SP00,A,2023-11-28,0.8682,A,F,,,P1D,,A,,,,,,,99Q1=100,,,5,,4F0,,Pound sterling/Euro ECB reference exchange rate,"ECB reference exchange rate, Pound sterling/Euro, 2.15 pm (C.E.T.)",GBP,0
EXR.D.GBP.EUR.SP00.A,D,GBP,EUR,SP00,A,2023-11-29,0.86525,A,F,,,P1D,,A,,,,,,,99Q1=100,,,5,,4F0,,Pound sterling/Euro ECB reference exchange rate,"ECB reference exchange rate, Pound sterling/Euro, 2.15 pm (C.E.T.)",GBP,0
EXR.D.GBP.EUR.SP00.A,D,GBP,EUR,SP00,A,2023-11-30,0.86368,A,F,,,P1D,,A,,,,,,,99Q1=100,,,5,,4F0,,Pound sterling/Euro ECB reference exchange rate,"ECB reference exchange rate, Pound sterling/Euro, 2.15 pm (C.E.T.)",GBP,0
EXR.D.GBP.EUR.SP00.A,D,GBP,EUR,SP00,A,2023-12-01,0.86045,A,F,,,P1D,,A,,,,,,,99Q1=100,,,5,,4F0,,Pound sterling/Euro ECB reference exchange rate,"ECB reference exchange rate, Pound sterling/Euro, 2.15 pm (C.E.T.)",GBP,0
EXR.D.GBP.EUR.SP00.A,D,GBP,EUR,SP00,A,2023-12-04,0.8579,A,F,,,P1D,,A,,,,,,,99Q1=100,,,5,,4F0,,Pound sterling/Euro ECB reference exchange rate,"ECB reference exchange rate, Pound sterling/Euro, 2.15 pm (C.E.T.)",GBP,0
EXR.D.GBP.EUR.SP00.A,D,GBP,EUR,SP00,A,2023-12-05,0.85723,A,F,,,P1D,,A,,,,,,,99Q1=100,,,5,,4F0,,Pound sterling/Euro ECB reference exchange rate,"ECB reference exchange rate, Pound sterling/Euro, 2.15 pm (C.E.T.)",GBP,0
EXR.D.GBP.EUR.SP00.A,D,GBP,EUR,SP00,A,2023-12-06,0.8561,A,F,,,P1D,,A,,,,,,,99Q1=100,,,5,,4F0,,Pound sterling/Euro ECB reference exchange rate,"ECB reference exchange rate, Pound sterling/Euro, 2.15 pm (C.E.T.)",GBP,0
EXR.D.GBP.EUR.SP00.A,D,GBP,EUR,SP00,A,2023-12-07,0.8575,A,F,,,P1D,,A,,,,,,,99Q1=100,,,5,,4F0,,Pound sterling/Euro ECB reference exchange rate,"ECB reference exchange rate, Pound sterling/Euro, 2.15 pm (C.E.T.)",GBP,0
EXR.D.GBP.EUR.SP00.A,D,GBP,EUR,SP00,A,2023-12-08,0.8569,A,F,,,P1D,,A,,,,,,,99Q1=100,,,5,,4F0,,Pound sterling/Euro ECB reference exchange rate,"ECB reference exchange rate, Pound sterling/Euro, 2.15 pm (C.E.T.)",GBP,0
EXR.D.GBP.EUR.SP00.A,D,GBP,EUR,SP00,A,2023-12-11,0.8558,A,F,,,P1D,,A,,,,,,,99Q1=100,,,5,,4F0,,Pound sterling/Euro ECB reference exchange rate,"ECB reference exchange rate, Pound sterling/Euro, 2.15 pm (C.E.T.)",GBP,0
EXR.D.GBP.EUR.SP00.A,D,GBP,EUR,SP00,A,2023-12-12,0.85928,A,F,,,P1D,,A,,,,,,,99Q1=100,,,5,,4F0,,Pound sterling/Euro ECB reference exchange rate,"ECB reference exchange rate, Pound sterling/Euro, 2.15 pm (C.E.T.)",GBP,0
EXR.D.GBP.EUR.SP00.A,D,GBP,EUR,SP00,A,2023-12-13,0.8612,A,F,,,P1D,,A,,,,,,,99Q1=100,,,5,,4F0,,Pound sterling/Euro ECB reference exchange rate,"ECB reference exchange rate, Pound sterling/Euro, 2.15 pm (C.E.T.)",GBP,0
EXR.D.GBP.EUR.SP00.A,D,GBP,EUR,SP00,A,2023-12-14,0.85955,A,F,,,P1D,,A,,,,,,,99Q1=100,,,5,,4F0,,Pound sterling/Euro ECB reference exchange rate,"ECB reference exchange rate, Pound sterling/Euro, 2.15 pm (C.E.T.)",GBP,0
EXR.D.GBP.EUR.SP00.A,D,GBP,EUR,SP00,A,2023-12-15,0.85833,A,F,,,P1D,,A,,,,,,,99Q1=100,,,5,,4F0,,Pound sterling/Euro ECB reference exchange rate,"ECB reference exchange rate, Pound sterling/Euro, 2.15 pm (C.E.T.)",GBP,0
EXR.D.GBP.EUR.SP00.A,D,GBP,EUR,SP00,A,2023-12-18,0.86263,A,F,,,P1D,,A,,,,,,,99Q1=100,,,5,,4F0,,Pound sterling/Euro ECB reference exchange rate,"ECB reference exchange rate, Pound sterling/Euro, 2.15 pm (C.E.T.)",GBP,0
EXR.D.GBP.EUR.SP00.A,D,GBP,EUR,SP00,A,2023-12-19,0.86095,A,F,,,P1D,,A,,,,,,,99Q1=100,,,5,,4F0,,Pound sterling/Euro ECB reference exchange rate,"ECB reference exchange rate, Pound sterling/Euro, 2.15 pm (C.E.T.)",GBP,0
EXR.D.GBP.EUR.SP00.A,D,GBP,EUR,SP00,A,2023-12-20,0.86555,A,F,,,P1D,,A,,,,,,,99Q1=100,,,5,,4F0,,Pound sterling/Euro ECB reference exchange rate,"ECB reference exchange rate, Pound sterling/Euro, 2.15 pm (C.E.T.)",GBP,0
EXR.D.GBP.EUR.SP00.A,D,GBP,EUR,SP00,A,2023-12-21,0.86805,A,F,,,P1D,,A,,,,,,,99Q1=100,,,5,,4F0,,Pound sterling/Euro ECB reference exchange rate,"ECB reference exchange rate, Pound sterling/Euro, 2.15 pm (C.E.T.)",GBP,0
EXR.D.GBP.EUR.SP00.A,D,GBP,EUR,SP00,A,2023-12-22,0.8666,A,F,,,P1D,,A,,,,,,,99Q1=100,,,5,,4F0,,Pound sterling/Euro ECB reference exchange rate,"ECB reference exchange rate, Pound sterling/Euro, 2.15 pm (C.E.T.)",GBP,0
EXR.D.GBP.EUR.SP00.A,D,GBP,EUR,SP00,A,2023-12-27,0.8683,A,F,,,P1D,,A,,,,,,,99Q1=100,,,5,,4F0,,Pound sterling/Euro ECB reference exchange rate,"ECB reference exchange rate, Pound sterling/Euro, 2.15 pm (C.E.T.)",GBP,0
EXR.D.GBP.EUR.SP00.A,D,GBP,EUR,SP00,A,2023-12-28,0.8706,A,F,,,P1D,,A,,,,,,,99Q1=100,,,5,,4F0,,Pound sterling/Euro ECB reference exchange rate,"ECB reference exchange rate, Pound sterling/Euro, 2.15 pm (C.E.T.)",GBP,0
EXR.D.GBP.EUR.SP00.A,D,GBP,EUR,SP00,A,2023-12-29,0.86905,A,F,,,P1D,,A,,,,,,,99Q1=100,,,5,,4F0,,Pound sterling/Euro ECB reference exchange rate,"ECB reference exchange rate, Pound sterling/Euro, 2.15 pm (C.E.T.)",GBP,0
EXR.D.GBP.EUR.SP00.A,D,GBP,EUR,SP00,A,2024-01-02,0.86645,A,F,,,P1D,,A,,,,,,,99Q1=100,,,5,,4F0,,Pound sterling/Euro ECB reference exchange rate,"ECB reference exchange rate, Pound sterling/Euro, 2.15 pm (C.E.T.)",GBP,0
EXR.D.GBP.EUR.SP00.A,D,GBP,EUR,SP00,A,2024-01-03,0.8647,A,F,,,P1D,,A,,,,,,,99Q1=100,,,5,,4F0,,Pound sterling/Euro ECB reference exchange rate,"ECB reference exchange rate, Pound sterling/Euro, 2.15 pm (C.E.T.)",GBP,0
EXR.D.GBP.EUR.SP00.A,D,GBP,EUR,SP00,A,2024-01-04,0.86278,A,F,,,P1D,,A,,,,,,,99Q1=100,,,5,,4F0,,Pound sterling/Euro ECB reference exchange rate,"ECB reference exchange rate, Pound sterling/Euro, 2.15 pm (C.E.T.)",GBP,0
EXR.D.GBP.EUR.SP00.A,D,GBP,EUR,SP00,A,2024-01-05,0.8621,A,F,,,P1D,,A,,,,,,,99Q1=100,,,5,,4F0,,Pound sterling/Euro ECB reference exchange rate,"ECB reference exchange rate, Pound sterling/Euro, 2.15 pm (C.E.T.)",GBP,0
EXR.D.GBP.EUR.SP00.A,D,GBP,EUR,SP00,A,2024-01-08,0.8615,A,F,,,P1D,,A,,,,,,,99Q1=100,,,5,,4F0,,Pound sterling/Euro ECB reference exchange rate,"ECB reference exchange rate, Pound sterling/Euro, 2.15 pm (C.E.T.)",GBP,0
EXR.D.GBP.EUR.SP00.A,D,GBP,EUR,SP00,A,2024-01-09,0.85938,A,F,,,P1D,,A,,,,,,,99Q1=100,,,5,,4F0,,Pound sterling/Euro ECB reference exchange rate,"ECB reference exchange rate, Pound sterling/Euro, 2.15 pm (C.E.T.)",GBP,0
EXR.D.GBP.EUR.SP00.A,D,GBP,EUR,SP00,A,2024-01-10,0.86023,A,F,,,P1D,,A,,,,,,,99Q1=100,,,5,,4F0,,Pound sterling/Euro ECB reference exchange rate,"ECB reference exchange rate, Pound sterling/Euro, 2.15 pm (C.E.T.)",GBP,0
EXR.D.GBP.EUR.SP00.A,D,GBP,EUR,SP00,A,2024-01-11,0.86145,A,F,,,P1D,,A,,,,,,,99Q1=100,,,5,,4F0,,Pound sterling/Euro ECB reference exchange rate,"ECB reference exchange rate, Pound sterling/Euro, 2.15 pm (C.E.T.)",GBP,0
EXR.D.GBP.EUR.SP00.A,D,GBP,EUR,SP00,A,2024-01-12,0.8595,A,F,,,P1D,,A,,,,,,,99Q1=100,,,5,,4F0,,Pound sterling/Euro ECB reference exchange rate,"ECB reference exchange rate, Pound sterling/Euro, 2.15 pm (C.E.T.)",GBP,0
EXR.D.GBP.EUR.SP00.A,D,GBP,EUR,SP00,A,2024-01-15,0.86075,A,F,,,P1D,,A,,,,,,,99Q1=100,,,5,,4F0,,Pound sterling/Euro ECB reference exchange rate,"ECB reference exchange rate, Pound sterling/Euro, 2.15 pm (C.E.T.)",GBP,0
EXR.D.GBP.EUR.SP00.A,D,GBP,EUR,SP00,A,2024-01-16,0.86078,A,F,,,P1D,,A,,,,,,,99Q1=100,,,5,,4F0,,Pound sterling/Euro ECB reference exchange rate,"ECB reference exchange rate, Pound sterling/Euro, 2.15 pm (C.E.T.)",GBP,0
EXR.D.GBP.EUR.SP00.A,D,GBP,EUR,SP00,A,2024-01-17,0.85818,A,F,,,P1D,,A,,,,,,,99Q1=100,,,5,,4F0,,Pound sterling/Euro ECB reference exchange rate,"ECB reference exchange rate, Pound sterling/Euro, 2.15 pm (C.E.T.)",GBP,0
EXR.D.GBP.EUR.SP00.A,D,GBP,EUR,SP00,A,2024-01-18,0.85773,A,F,,,P1D,,A,,,,,,,99Q1=100,,,5,,4F0,,Pound sterling/Euro ECB reference exchange rate,"ECB reference exchange rate, Pound sterling/Euro, 2.15 pm (C.E.T.)",GBP,0
EXR.D.GBP.EUR.SP00.A,D,GBP,EUR,SP00,A,2024-01-19,0.85825,A,F,,,P1D,,A,,,,,,,99Q1=100,,,5,,4F0,,Pound sterling/Euro ECB reference exchange rate,"ECB reference exchange rate, Pound sterling/Euro, 2.15 pm (C.E.T.)",GBP,0
EXR.D.GBP.EUR.SP00.A,D,GBP,EUR,SP00,A,2024-01-22,0.85575,A,F,,,P1D,,A,,,,,,,99Q1=100,,,5,,4F0,,Pound sterling/Euro ECB reference exchange rate,"ECB reference exchange rate, Pound sterling/Euro, 2.15 pm (C.E.T.)",GBP,0
EXR.D.GBP.EUR.SP00.A,D,GBP,EUR,SP00,A,2024-01-23,0.85493,A,F,,,P1D,,A,,,,,,,99Q1=100,,,5,,4F0,,Pound sterling/Euro ECB reference exchange rate,"ECB reference exchange rate, Pound sterling/Euro, 2.15 pm (C.E.T.)",GBP,0
EXR.D.GBP.EUR.SP00.A,D,GBP,EUR,SP00,A,2024-01-24,0.85543,A,F,,,P1D,,A,,,,,,,99Q1=100,,,5,,4F0,,Pound sterling/Euro ECB reference exchange rate,"ECB reference exchange rate, Pound sterling/Euro, 2.15 pm (C.E.T.)",GBP,0
EXR.D.GBP.EUR.SP00.A,D,GBP,EUR,SP00,A,2024-01-25,0.85538,A,F,,,P1D,,A,,,,,,,99Q1=100,,,5,,4F0,,Pound sterling/Euro ECB reference exchange rate,"ECB reference exchange rate, Pound sterling/Euro, 2.15 pm (C.E.T.)",GBP,0
EXR.D.GBP.EUR.SP00.A,D,GBP,EUR,SP00,A,2024-01-26,0.85368,A,F,,,P1D,,A,,,,,,,99Q1=100,,,5,,4F0,,Pound sterling/Euro ECB reference exchange rate,"ECB reference exchange rate, Pound sterling/Euro, 2.15 pm (C.E.T.)",GBP,0
EXR.D.GBP.EUR.SP00.A,D,GBP,EUR,SP00,A,2024-01-29,0.8525,A,F,,,P1D,,A,,,,,,,99Q1=100,,,5,,4F0,,Pound sterling/Euro ECB reference exchange rate,"ECB reference exchange rate, Pound sterling/Euro, 2.15 pm (C.E.T.)",GBP,0
EXR.D.GBP.EUR.SP00.A,D,GBP,EUR,SP00,A,2024-01-30,0.85628,A,F,,,P1D,,A,,,,,,,99Q1=100,,,5,,4F0,,Pound sterling/Euro ECB reference exchange rate,"ECB reference exchange rate, Pound sterling/Euro, 2.15 pm (C.E.T.)",GBP,0
EXR.D.GBP.EUR.SP00.A,D,GBP,EUR,SP00,A,2024-01-31,0.85435,A,F,,,P1D,,A,,,,,,,99Q1=100,,,5,,4F0,,Pound sterling/Euro ECB reference exchange rate,"ECB reference exchange rate, Pound sterling/Euro, 2.15 pm (C.E.T.)",GBP,0
EXR.D.GBP.EUR.SP00.A,D,GBP,EUR,SP00,A,2024-02-01,0.85353,A,F,,,P1D,,A,,,,,,,99Q1=100,,,5,,4F0,,Pound sterling/Euro ECB reference exchange rate,"ECB reference exchange rate, Pound sterling/Euro, 2.15 pm (C.E.T.)",GBP,0
EXR.D.GBP.EUR.SP00.A,D,GBP,EUR,SP00,A,2024-02-02,0.85263,A,F,,,P1D,,A,,,,,,,99Q1=100,,,5,,4F0,,Pound sterling/Euro ECB reference exchange rate,"ECB reference exchange rate, Pound sterling/Euro, 2.15 pm (C.E.T.)",GBP,0
EXR.D.GBP.EUR.SP00.A,D,GBP,EUR,SP00,A,2024-02-05,0.85595,A,F,,,P1D,,A,,,,,,,99Q1=100,,,5,,4F0,,Pound sterling/Euro ECB reference exchange rate,"ECB reference exchange rate, Pound sterling/Euro, 2.15 pm (C.E.T.)",GBP,0
EXR.D.GBP.EUR.SP00.A,D,GBP,EUR,SP00,A,2024-02-06,0.8546,A,F,,,P1D,,A,,,,,,,99Q1=100,,,5,,4F0,,Pound sterling/Euro ECB reference exchange rate,"ECB reference exchange rate, Pound sterling/Euro, 2.15 pm (C.E.T.)",GBP,0
EXR.D.GBP.EUR.SP00.A,D,GBP,EUR,SP00,A,2024-02-07,0.85305,A,F,,,P1D,,A,,,,,,,99Q1=100,,,5,,4F0,,Pound sterling/Euro ECB reference exchange rate,"ECB reference exchange rate, Pound sterling/Euro, 2.15 pm (C.E.T.)",GBP,0
EXR.D.GBP.EUR.SP00.A,D,GBP,EUR,SP00,A,2024-02-08,0.85378,A,F,,,P1D,,A,,,,,,,99Q1=100,,,5,,4F0,,Pound sterling/Euro ECB reference exchange rate,"ECB reference exchange rate, Pound sterling/Euro, 2.15 pm (C.E.T.)",GBP,0
EXR.D.GBP.EUR.SP00.A,D,GBP,EUR,SP00,A,2024-02-09,0.8544,A,F,,,P1D,,A,,,,,,,99Q1=100,,,5,,4F0,,Pound sterling/Euro ECB reference exchange rate,"ECB reference exchange rate, Pound sterling/Euro, 2.15 pm (C.E.T.)",GBP,0
EXR.D.GBP.EUR.SP00.A,D,GBP,EUR,SP00,A,2024-02-12,0.85391,A,F,,,P1D,,A,,,,,,,99Q1=100,,,5,,4F0,,Pound sterling/Euro ECB reference exchange rate,"ECB reference exchange rate, Pound sterling/Euro, 2.15 pm (C.E.T.)",GBP,0
EXR.D.GBP.EUR.SP00.A,D,GBP,EUR,SP00,A,2024-02-13,0.85098,A,F,,,P1D,,A,,,,,,,99Q1=100,,,5,,4F0,,Pound sterling/Euro ECB reference exchange rate,"ECB reference exchange rate, Pound sterling/Euro, 2.15 pm (C.E.T.)",GBP,0
EXR.D.GBP.EUR.SP00.A,D,GBP,EUR,SP00,A,2024-02-14,0.85258,A,F,,,P1D,,A,,,,,,,99Q1=100,,,5,,4F0,,Pound sterling/Euro ECB reference exchange rate,"ECB reference exchange rate, Pound sterling/Euro, 2.15 pm (C.E.T.)",GBP,0
EXR.D.GBP.EUR.SP00.A,D,GBP,EUR,SP00,A,2024-02-15,0.85635,A,F,,,P1D,,A,,,,,,,99Q1=100,,,5,,4F0,,Pound sterling/Euro ECB reference exchange rate,"ECB reference exchange rate, Pound sterling/Euro, 2.15 pm (C.E.T.)",GBP,0
EXR.D.GBP.EUR.SP00.A,D,GBP,EUR,SP00,A,2024-02-16,0.85605,A,F,,,P1D,,A,,,,,,,99Q1=100,,,5,,4F0,,Pound sterling/Euro ECB reference exchange rate,"ECB reference exchange rate, Pound sterling/Euro, 2.15 pm (C.E.T.)",GBP,0
EXR.D.GBP.EUR.SP00.A,D,GBP,EUR,SP00,A,2024-02-19,0.85448,A,F,,,P1D,,A,,,,,,,99Q1=100,,,5,,4F0,,Pound sterling/Euro ECB reference exchange rate,"ECB reference exchange rate, Pound sterling/Euro, 2.15 pm (C.E.T.)",GBP,0
EXR.D.GBP.EUR.SP00.A,D,GBP,EUR,SP00,A,2024-02-20,0.8566,A,F,,,P1D,,A,,,,,,,99Q1=100,,,5,,4F0,,Pound sterling/Euro ECB reference exchange rate,"ECB reference exchange rate, Pound sterling/Euro, 2.15 pm (C.E.T.)",GBP,0
EXR.D.GBP.EUR.SP00.A,D,GBP,EUR,SP00,A,2024-02-21,0.85619,A,F,,,P1D,,A,,,,,,,99Q1=100,,,5,,4F0,,Pound sterling/Euro ECB reference exchange rate,"ECB reference exchange rate, Pound sterling/Euro, 2.15 pm (C.E.T.)",GBP,0
EXR.D.GBP.EUR.SP00.A,D,GBP,EUR,SP00,A,2024-02-22,0.85625,A,F,,,P1D,,A,,,,,,,99Q1=100,,,5,,4F0,,Pound sterling/Euro ECB reference exchange rate,"ECB reference exchange rate, Pound sterling/Euro, 2.15 pm (C.E.T.)",GBP,0
EXR.D.GBP.EUR.SP00.A,D,GBP,EUR,SP00,A,2024-02-23,0.8534,A,F,,,P1D,,A,,,,,,,99Q1=100,,,5,,4F0,,Pound sterling/Euro ECB reference exchange rate,"ECB reference exchange rate, Pound sterling/Euro, 2.15 pm (C.E.T.)",GBP,0
EXR.D.GBP.EUR.SP00.A,D,GBP,EUR,SP00,A,2024-02-26,0.85495,A,F,,,P1D,,A,,,,,,,99Q1=100,,,5,,4F0,,Pound sterling/Euro ECB reference exchange rate,"ECB reference exchange rate, Pound sterling/Euro, 2.15 pm (C.E.T.)",GBP,0
EXR.D.GBP.EUR.SP00.A,D,GBP,EUR,SP00,A,2024-02-27,0.8562,A,F,,,P1D,,A,,,,,,,99Q1=100,,,5,,4F0,,Pound sterling/Euro ECB reference exchange rate,"ECB reference exchange rate, Pound sterling/Euro, 2.15 pm (C.E.T.)",GBP,0
EXR.D.GBP.EUR.SP00.A,D,GBP,EUR,SP00,A,2024-02-28,0.85548,A,F,,,P1D,,A,,,,,,,99Q1=100,,,5,,4F0,,Pound sterling/Euro ECB reference exchange rate,"ECB reference exchange rate, Pound sterling/Euro, 2.15 pm (C.E.T.)",GBP,0
EXR.D.GBP.EUR.SP00.A,D,GBP,EUR,SP00,A,2024-02-29,0.85655,A,F,,,P1D,,A,,,,,,,99Q1=100,,,5,,4F0,,Pound sterling/Euro ECB reference exchange rate,"ECB reference exchange rate, Pound sterling/Euro, 2.15 pm (C.E.T.)",GBP,0
EXR.D.GBP.EUR.SP00.A,D,GBP,EUR,SP00,A,2024-03-01,0.85588,A,F,,,P1D,,A,,,,,,,99Q1=100,,,5,,4F0,,Pound sterling/Euro ECB reference exchange rate,"ECB reference exchange rate, Pound sterling/Euro, 2.15 pm (C.E.T.)",GBP,0
EXR.D.GBP.EUR.SP00.A,D,GBP,EUR,SP00,A,2024-03-04,0.85583,A,F,,,P1D,,A,,,,,,,99Q1=100,,,5,,4F0,,Pound sterling/Euro ECB reference exchange rate,"ECB reference exchange rate, Pound sterling/Euro, 2.15 pm (C.E.T.)",GBP,0
EXR.D.GBP.EUR.SP00.A,D,GBP,EUR,SP00,A,2024-03-05,0.85543,A,F,,,P1D,,A,,,,,,,99Q1=100,,,5,,4F0,,Pound sterling/Euro ECB reference exchange rate,"ECB reference exchange rate, Pound sterling/Euro, 2.15 pm (C.E.T.)",GBP,0
EXR.D.GBP.EUR.SP00.A,D,GBP,EUR,SP00,A,2024-03-06,0.85498,A,F,,,P1D,,A,,,,,,,99Q1=100,,,5,,4F0,,Pound sterling/Euro ECB reference exchange rate,"ECB reference exchange rate, Pound sterling/Euro, 2.15 pm (C.E.T.)",GBP,0
EXR.D.GBP.EUR.SP00.A,D,GBP,EUR,SP00,A,2024-03-07,0.85445,A,F,,,P1D,,A,,,,,,,99Q1=100,,,5,,4F0,,Pound sterling/Euro ECB reference exchange rate,"ECB reference exchange rate, Pound sterling/Euro, 2.15 pm (C.E.T.)",GBP,0
EXR.D.GBP.EUR.SP00.A,D,GBP,EUR,SP00,A,2024-03-08,0.85168,A,F,,,P1D,,A,,,,,,,99Q1=100,,,5,,4F0,,Pound sterling/Euro ECB reference exchange rate,"ECB reference exchange rate, Pound sterling/Euro, 2.15 pm (C.E.T.)",GBP,0
EXR.D.GBP.EUR.SP00.A,D,GBP,EUR,SP00,A,2024-03-11,0.85208,A,F,,,P1D,,A,,,,,,,99Q1=100,,,5,,4F0,,Pound sterling/Euro ECB reference exchange rate,"ECB reference exchange rate, Pound sterling/Euro, 2.15 pm (C.E.T.)",GBP,0
EXR.D.GBP.EUR.SP00.A,D,GBP,EUR,SP00,A,2024-03-12,0.85458,A,F,,,P1D,,A,,,,,,,99Q1=100,,,5,,4F0,,Pound sterling/Euro ECB reference exchange rate,"ECB reference exchange rate, Pound sterling/Euro, 2.15 pm (C.E.T.)",GBP,0
EXR.D.GBP.EUR.SP00.A,D,GBP,EUR,SP00,A,2024-03-13,0.85451,A,F,,,P1D,,A,,,,,,,99Q1=100,,,5,,4F0,,Pound sterling/Euro ECB reference exchange rate,"ECB reference exchange rate, Pound sterling/Euro, 2.15 pm (C.E.T.)",GBP,0
EXR.D.GBP.EUR.SP00.A,D,GBP,EUR,SP00,A,2024-03-14,0.8542,A,F,,,P1D,,A,,,,,,,99Q1=100,,,5,,4F0,,Pound sterling/Euro ECB reference exchange rate,"ECB reference exchange rate, Pound sterling/Euro, 2.15 pm (C.E.T.)",GBP,0
EXR.D.GBP.EUR.SP00.A,D,GBP,EUR,SP00,A,2024-03-15,0.8541,A,F,,,P1D,,A,,,,,,,99Q1=100,,,5,,4F0,,Pound sterling/Euro ECB reference exchange rate,"ECB reference exchange rate, Pound sterling/Euro, 2.15 pm (C.E.T.)",GBP,0
EXR.D.GBP.EUR.SP00.A,D,GBP,EUR,SP00,A,2024-03-18,0.85525,A,F,,,P1D,,A,,,,,,,99Q1=100,,,5,,4F0,,Pound sterling/Euro ECB reference exchange rate,"ECB reference exchange rate, Pound sterling/Euro, 2.15 pm (C.E.T.)",GBP,0
EXR.D.GBP.EUR.SP00.A,D,GBP,EUR,SP00,A,2024-03-19,0.85445,A,F,,,P1D,,A,,,,,,,99Q1=100,,,5,,4F0,,Pound sterling/Euro ECB reference exchange rate,"ECB reference exchange rate, Pound sterling/Euro, 2.15 pm (C.E.T.)",GBP,0
EXR.D.GBP.EUR.SP00.A,D,GBP,EUR,SP00,A,2024-03-20,0.85438,A,F,,,P1D,,A,,,,,,,99Q1=100,,,5,,4F0,,Pound sterling/Euro ECB reference exchange rate,"ECB reference exchange rate, Pound sterling/Euro, 2.15 pm (C.E.T.)",GBP,0
EXR.D.GBP.EUR.SP00.A,D,GBP,EUR,SP00,A,2024-03-21,0.85678,A,F,,,P1D,,A,,,,,,,99Q1=100,,,5,,4F0,,Pound sterling/Euro ECB reference exchange rate,"ECB reference exchange rate, Pound sterling/Euro, 2.15 pm (C.E.T.)",GBP,0
EXR.D.GBP.EUR.SP00.A,D,GBP,EUR,SP00,A,2024-03-22,0.85795,A,F,,,P1D,,A,,,,,,,99Q1=100,,,5,,4F0,,Pound sterling/Euro ECB reference exchange rate,"ECB reference exchange rate, Pound sterling/Euro, 2.15 pm (C.E.T.)",GBP,0
EXR.D.GBP.EUR.SP00.A,D,GBP,EUR,SP00,A,2024-03-25,0.85698,A,F,,,P1D,,A,,,,,,,99Q1=100,,,5,,4F0,,Pound sterling/Euro ECB reference exchange rate,"ECB reference exchange rate, Pound sterling/Euro, 2.15 pm (C.E.T.)",GBP,0
EXR.D.GBP.EUR.SP00.A,D,GBP,EUR,SP00,A,2024-03-26,0.85846,A,F,,,P1D,,A,,,,,,,99Q1=100,,,5,,4F0,,Pound sterling/Euro ECB reference exchange rate,"ECB reference exchange rate, Pound sterling/Euro, 2.15 pm (C.E.T.)",GBP,0
EXR.D.GBP.EUR.SP00.A,D,GBP,EUR,SP00,A,2024-03-27,0.85768,A,F,,,P1D,,A,,,,,,,99Q1=100,,,5,,4F0,,Pound sterling/Euro ECB reference exchange rate,"ECB reference exchange rate, Pound sterling/Euro, 2.15 pm (C.E.T.)",GBP,0
EXR.D.GBP.EUR.SP00.A,D,GBP,EUR,SP00,A,2024-03-28,0.8551,A,F,,,P1D,,A,,,,,,,99Q1=100,,,5,,4F0,,Pound sterling/Euro ECB reference exchange rate,"ECB reference exchange rate, Pound sterling/Euro, 2.15 pm (C.E.T.)",GBP,0
EXR.D.GBP.EUR.SP00.A,D,GBP,EUR,SP00,A,2024-04-02,0.8551,A,F,,,P1D,,A,,,,,,,99Q1=100,,,5,,4F0,,Pound sterling/Euro ECB reference exchange rate,"ECB reference exchange rate, Pound sterling/Euro, 2.15 pm (C.E.T.)",GBP,0
EXR.D.GBP.EUR.SP00.A,D,GBP,EUR,SP00,A,2024-04-03,0.85713,A,F,,,P1D,,A,,,,,,,99Q1=100,,,5,,4F0,,Pound sterling/Euro ECB reference exchange rate,"ECB reference exchange rate, Pound sterling/Euro, 2.15 pm (C.E.T.)",GBP,0
EXR.D.GBP.EUR.SP00.A,D,GBP,EUR,SP00,A,2024-04-04,0.85788,A,F,,,P1D,,A,,,,,,,99Q1=100,,,5,,4F0,,Pound sterling/Euro ECB reference exchange rate,"ECB reference exchange rate, Pound sterling/Euro, 2.15 pm (C.E.T.)",GBP,0
EXR.D.GBP.EUR.SP00.A,D,GBP,EUR,SP00,A,2024-04-05,0.85773,A,F,,,P1D,,A,,,,,,,99Q1=100,,,5,,4F0,,Pound sterling/Euro ECB reference exchange rate,"ECB reference exchange rate, Pound sterling/Euro, 2.15 pm (C.E.T.)",GBP,0
EXR.D.GBP.EUR.SP00.A,D,GBP,EUR,SP00,A,2024-04-08,0.85795,A,F,,,P1D,,A,,,,,,,99Q1=100,,,5,,4F0,,Pound sterling/Euro ECB reference exchange rate,"ECB reference exchange rate, Pound sterling/Euro, 2.15 pm (C.E.T.)",GBP,0
EXR.D.GBP.EUR.SP00.A,D,GBP,EUR,SP00,A,2024-04-09,0.85663,A,F,,,P1D,,A,,,,,,,99Q1=100,,,5,,4F0,,Pound sterling/Euro ECB reference exchange rate,"ECB reference exchange rate, Pound sterling/Euro, 2.15 pm (C.E.T.)",GBP,0
EXR.D.GBP.EUR.SP00.A,D,GBP,EUR,SP00,A,2024-04-10,0.85515,A,F,,,P1D,,A,,,,,,,99Q1=100,,,5,,4F0,,Pound sterling/Euro ECB reference exchange rate,"ECB reference exchange rate, Pound sterling/Euro, 2.15 pm (C.E.T.)",GBP,0
EXR.D.GBP.EUR.SP00.A,D,GBP,EUR,SP00,A,2024-04-11,0.85525,A,F,,,P1D,,A,,,,,,,99Q1=100,,,5,,4F0,,Pound sterling/Euro ECB reference exchange rate,"ECB reference exchange rate, Pound sterling/Euro, 2.15 pm (C.E.T.)",GBP,0
EXR.D.GBP.EUR.SP00.A,D,GBP,EUR,SP00,A,2024-04-12,0.85424,A,F,,,P1D,,A,,,,,,,99Q1=100,,,5,,4F0,,Pound sterling/Euro ECB reference exchange rate,"ECB reference exchange rate, Pound sterling/Euro, 2.15 pm (C.E.T.)",GBP,0
EXR.D.GBP.EUR.SP00.A,D,GBP,EUR,SP00,A,2024-04-15,0.85405,A,F,,,P1D,,A,,,,,,,99Q1=100,,,5,,4F0,,Pound sterling/Euro ECB reference exchange rate,"ECB reference exchange rate, Pound sterling/Euro, 2.15 pm (C.E.T.)",GBP,0
EXR.D.GBP.EUR.SP00.A,D,GBP,EUR,SP00,A,2024-04-16,0.8544,A,F,,,P1D,,A,,,,,,,99Q1=100,,,5,,4F0,,Pound sterling/Euro ECB reference exchange rate,"ECB reference exchange rate, Pound sterling/Euro, 2.15 pm (C.E.T.)",GBP,0
EXR.D.GBP.EUR.SP00.A,D,GBP,EUR,SP00,A,2024-04-17,0.854,A,F,,,P1D,,A,,,,,,,99Q1=100,,,5,,4F0,,Pound sterling/Euro ECB reference exchange rate,"ECB reference exchange rate, Pound sterling/Euro, 2.15 pm (C.E.T.)",GBP,0
EXR.D.GBP.EUR.SP00.A,D,GBP,EUR,SP00,A,2024-04-18,0.85628,A,F,,,P1D,,A,,,,,,,99Q1=100,,,5,,4F0,,Pound sterling/Euro ECB reference exchange rate,"ECB reference exchange rate, Pound sterling/Euro, 2.15 pm (C.E.T.)",GBP,0
EXR.D.GBP.EUR.SP00.A,D,GBP,EUR,SP00,A,2024-04-19,0.8562,A,F,,,P1D,,A,,,,,,,99Q1=100,,,5,,4F0,,Pound sterling/Euro ECB reference exchange rate,"ECB reference exchange rate, Pound sterling/Euro, 2.15 pm (C.E.T.)",GBP,0
EXR.D.GBP.EUR.SP00.A,D,GBP,EUR,SP00,A,2024-04-22,0.86328,A,F,,,P1D,,A,,,,,,,99Q1=100,,,5,,4F0,,Pound sterling/Euro ECB reference exchange rate,"ECB reference exchange rate, Pound sterling/Euro, 2.15 pm (C.E.T.)",GBP,0
EXR.D.GBP.EUR.SP00.A,D,GBP,EUR,SP00,A,2024-04-23,0.8605,A,F,,,P1D,,A,,,,,,,99Q1=100,,,5,,4F0,,Pound sterling/Euro ECB reference exchange rate,"ECB reference exchange rate, Pound sterling/Euro, 2.15 pm (C.E.T.)",GBP,0
EXR.D.GBP.EUR.SP00.A,D,GBP,EUR,SP00,A,2024-04-24,0.85945,A,F,,,P1D,,A,,,,,,,99Q1=100,,,5,,4F0,,Pound sterling/Euro ECB reference exchange rate,"ECB reference exchange rate, Pound sterling/Euro, 2.15 pm (C.E.T.)",GBP,0
EXR.D.GBP.EUR.SP00.A,D,GBP,EUR,SP00,A,2024-04-25,0.85675,A,F,,,P1D,,A,,,,,,,99Q1=100,,,5,,4F0,,Pound sterling/Euro ECB reference exchange rate,"ECB reference exchange rate, Pound sterling/Euro, 2.15 pm (C.E.T.)",GBP,0
EXR.D.GBP.EUR.SP00.A,D,GBP,EUR,SP00,A,2024-04-26,0.85643,A,F,,,P1D,,A,,,,,,,99Q1=100,,,5,,4F0,,Pound sterling/Euro ECB reference exchange rate,"ECB reference exchange rate, Pound sterling/Euro, 2.15 pm (C.E.T.)",GBP,0
EXR.D.GBP.EUR.SP00.A,D,GBP,EUR,SP00,A,2024-04-29,0.85493,A,F,,,P1D,,A,,,,,,,99Q1=100,,,5,,4F0,,Pound sterling/Euro ECB reference exchange rate,"ECB reference exchange rate, Pound sterling/Euro, 2.15 pm (C.E.T.)",GBP,0
EXR.D.GBP.EUR.SP00.A,D,GBP,EUR,SP00,A,2024-04-30,0.85478,A,F,,,P1D,,A,,,,,,,99Q1=100,,,5,,4F0,,Pound sterling/Euro ECB reference exchange rate,"ECB reference exchange rate, Pound sterling/Euro, 2.15 pm (C.E.T.)",GBP,0
EXR.D.GBP.EUR.SP00.A,D,GBP,EUR,SP00,A,2024-05-02,0.85538,A,F,,,P1D,,A,,,,,,,99Q1=100,,,5,,4F0,,Pound sterling/Euro ECB reference exchange rate,"ECB reference exchange rate, Pound sterling/Euro, 2.15 pm (C.E.T.)",GBP,0
EXR.D.GBP.EUR.SP00.A,D,GBP,EUR,SP00,A,2024-05-03,0.85573,A,F,,,P1D,,A,,,,,,,99Q1=100,,,5,,4F0,,Pound sterling/Euro ECB reference exchange rate,"ECB reference exchange rate, Pound sterling/Euro, 2.15 pm (C.E.T.)",GBP,0
EXR.D.GBP.EUR.SP00.A,D,GBP,EUR,SP00,A,2024-05-06,0.8566,A,F,,,P1D,,A,,,,,,,99Q1=100,,,5,,4F0,,Pound sterling/Euro ECB reference exchange rate,"ECB reference exchange rate, Pound sterling/Euro, 2.15 pm (C.E.T.)",GBP,0
EXR.D.GBP.EUR.SP00.A,D,GBP,EUR,SP00,A,2024-05-07,0.85805,A,F,,,P1D,,A,,,,,,,99Q1=100,,,5,,4F0,,Pound sterling/Euro ECB reference exchange rate,"ECB reference exchange rate, Pound sterling/Euro, 2.15 pm (C.E.T.)",GBP,0
EXR.D.GBP.EUR.SP00.A,D,GBP,EUR,SP00,A,2024-05-08,0.86083,A,F,,,P1D,,A,,,,,,,99Q1=100,,,5,,4F0,,Pound sterling/Euro ECB reference exchange rate,"ECB reference exchange rate, Pound sterling/Euro, 2.15 pm (C.E.T.)",GBP,0
EXR.D.GBP.EUR.SP00.A,D,GBP,EUR,SP00,A,2024-05-09,0.85995,A,F,,,P1D,,A,,,,,,,99Q1=100,,,5,,4F0,,Pound sterling/Euro ECB reference exchange rate,"ECB reference exchange rate, Pound sterling/Euro, 2.15 pm (C.E.T.)",GBP,0
EXR.D.GBP.EUR.SP00.A,D,GBP,EUR,SP00,A,2024-05-10,0.86055,A,F,,,P1D,,A,,,,,,,99Q1=100,,,5,,4F0,,Pound sterling/Euro ECB reference exchange rate,"ECB reference exchange rate, Pound sterling/Euro, 2.15 pm (C.E.T.)",GBP,0
EXR.D.GBP.EUR.SP00.A,D,GBP,EUR,SP00,A,2024-05-13,0.86023,A,F,,,P1D,,A,,,,,,,99Q1=100,,,5,,4F0,,Pound sterling/Euro ECB reference exchange rate,"ECB reference exchange rate, Pound sterling/Euro, 2.15 pm (C.E.T.)",GBP,0
EXR.D.GBP.EUR.SP00.A,D,GBP,EUR,SP00,A,2024-05-14,0.85983,A,F,,,P1D,,A,,,,,,,99Q1=100,,,5,,4F0,,Pound sterling/Euro ECB reference exchange rate,"ECB reference exchange rate, Pound sterling/Euro, 2.15 pm (C.E.T.)",GBP,0
EXR.D.GBP.EUR.SP00.A,D,GBP,EUR,SP00,A,2024-05-15,0.8584,A,F,,,P1D,,A,,,,,,,99Q1=100,,,5,,4F0,,Pound sterling/Euro ECB reference exchange rate,"ECB reference exchange rate, Pound sterling/Euro, 2.15 pm (C.E.T.)",GBP,0
EXR.D.GBP.EUR.SP00.A,D,GBP,EUR,SP00,A,2024-05-16,0.8585,A,F,,,P1D,,A,,,,,,,99Q1=100,,,5,,4F0,,Pound sterling/Euro ECB reference exchange rate,"ECB reference exchange rate, Pound sterling/Euro, 2.15 pm (C.E.T.)",GBP,0
EXR.D.GBP.EUR.SP00.A,D,GBP,EUR,SP00,A,2024-05-17,0.85685,A,F,,,P1D,,A,,,,,,,99Q1=100,,,5,,4F0,,Pound sterling/Euro ECB reference exchange rate,"ECB reference exchange rate, Pound sterling/Euro, 2.15 pm (C.E.T.)",GBP,0
EXR.D.GBP.EUR.SP00.A,D,GBP,EUR,SP00,A,2024-05-20,0.85548,A,F,,,P1D,,A,,,,,,,99Q1=100,,,5,,4F0,,Pound sterling/Euro ECB reference exchange rate,"ECB reference exchange rate, Pound sterling/Euro, 2.15 pm (C.E.T.)",GBP,0
