ticker,cik,company_name,fiscal_year,period_end,filing_date,revenue,previous_revenue,revenue_growth,net_income,equity,assets,shares_outstanding,net_margin,roe,reported_market_cap,reported_pe,source,retrieved_at,as_of_date
AAPL,,Apple Inc.,2025,2025-12-18,2025-12-18,466822987776.0,401050676783.5052,0.164,128929996800.0,86675039584.60518,,14594180000.0,0.27618998,1.4875101,4905541566464.0,38.591274,Yahoo Finance fallback,2026-09-21T04:39:56+00:00,2025-12-18
AMZN,,"Amazon.com, Inc.",2025,2025-12-18,2025-12-18,775680032768.0,648561900307.6924,0.196,135281000448.0,442702374481.1588,,10786313572.0,0.1744,0.30558002,2736595664896.0,20.411102,Yahoo Finance fallback,2026-09-21T04:39:56+00:00,2025-12-18
BAC,,Bank of America Corporation,2025,2025-12-18,2025-12-18,113931001856.0,97543665972.60275,0.168,32124999680.0,286855953618.36084,,6992748365.0,0.29524,0.111990005,403691372544.0,13.332563,Yahoo Finance fallback,2026-09-21T04:39:56+00:00,2025-12-18
BLK,,"BlackRock, Inc.",2025,2025-12-18,2025-12-18,27299000320.0,20902756753.445633,0.306,6576000000.0,53559213779.0851,,154869259.0,0.24089001,0.122779995,173813792768.0,25.6419,Yahoo Finance fallback,2026-09-21T04:39:56+00:00,2025-12-18
CAT,,Caterpillar Inc.,2025,2025-12-18,2025-12-18,74728996864.0,60265320051.61291,0.24,10844000256.0,19033910842.137672,,459674889.0,0.14511,0.56972003,371872366592.0,34.840225,Yahoo Finance fallback,2026-09-21T04:39:56+00:00,2025-12-18
CVX,,Chevron Corporation,2025,2025-12-18,2025-12-18,209383997440.0,136406512990.228,0.535,20590999552.0,168350907955.1958,,1961603274.0,0.09834,0.12231,410975502336.0,20.16458,Yahoo Finance fallback,2026-09-21T04:39:56+00:00,2025-12-18
GE,,GE Aerospace,2025,2025-12-18,2025-12-18,50638999552.0,41815854295.62345,0.211,8963999744.0,18585171910.149773,,1037562513.0,0.17716,0.48231998,326074761216.0,37.01649,Yahoo Finance fallback,2026-09-21T04:39:56+00:00,2025-12-18
GOOGL,,Alphabet Inc.,2025,2025-12-18,2025-12-18,445865984000.0,358990325281.8035,0.242,244118994944.0,501518191601.6106,,5867155790.0,0.54771,0.48676,4274851676160.0,17.54719,Yahoo Finance fallback,2026-09-21T04:39:56+00:00,2025-12-18
GS,,"The Goldman Sachs Group, Inc.",2025,2025-12-18,2025-12-18,67569999872.0,47417543769.82456,0.425,19982000128.0,118222696296.2963,,291171408.0,0.31039,0.16902,274283446272.0,14.555006,Yahoo Finance fallback,2026-09-21T04:39:56+00:00,2025-12-18
HD,,"The Home Depot, Inc.",2025,2025-12-18,2025-12-18,169176006656.0,160052986429.51752,0.057,14227000320.0,13640984969.796057,,997689626.0,0.0841,1.0429599,299286921216.0,21.007004,Yahoo Finance fallback,2026-09-21T04:39:56+00:00,2025-12-18
JEF,,Jefferies Financial Group Inc.,2025,2025-12-18,2025-12-18,8339866112.0,6177678601.481481,0.35,801371008.0,9694785966.61021,,194145000.0,0.107700005,0.08266,9742477312.0,13.379889,Yahoo Finance fallback,2026-09-21T04:39:56+00:00,2025-12-18
JPM,,JPMorgan Chase & Co.,2025,2025-12-18,2025-12-18,186328006656.0,142889575656.4417,0.304,63634001920.0,357715452920.34406,,2658186195.0,0.34921002,0.17789,929488044032.0,14.994426,Yahoo Finance fallback,2026-09-21T04:39:56+00:00,2025-12-18
LAZ,,"Lazard, Inc.",2025,2025-12-18,2025-12-18,3199311104.0,3196114989.010989,0.001,219028000.0,853411260.4714593,,97450572.0,0.0709,0.25665,3483858176.0,17.610838,Yahoo Finance fallback,2026-09-21T04:39:56+00:00,2025-12-18
META,,"Meta Platforms, Inc.",2025,2025-12-18,2025-12-18,228246994944.0,178317964800.0,0.28,68097998848.0,228149285875.1005,,2205128509.0,0.29834998,0.29848,1696002211840.0,25.06589,Yahoo Finance fallback,2026-09-21T04:39:56+00:00,2025-12-18
MS,,Morgan Stanley,2025,2025-12-18,2025-12-18,77827997696.0,60803123200.0,0.28,19547000832.0,108775748023.13567,,1570566292.0,0.25897,0.17969999,318165319680.0,16.36349,Yahoo Finance fallback,2026-09-21T04:39:56+00:00,2025-12-18
MSFT,,Microsoft Corporation,2025,2025-12-18,2025-12-18,331839012864.0,281936289604.0781,0.177,133748998144.0,392928659349.98157,,7425545491.0,0.40305,0.34039003,3666585845760.0,27.47802,Yahoo Finance fallback,2026-09-21T04:39:56+00:00,2025-12-18
NVDA,,NVIDIA Corporation,2025,2025-12-18,2025-12-18,302970011648.0,147144250436.13403,1.059,192880001024.0,164557934855.94354,,24147000000.0,0.63663,1.17211,5367153557504.0,28.099874,Yahoo Finance fallback,2026-09-21T04:39:56+00:00,2025-12-18
PG,,The Procter & Gamble Company,2025,2025-12-18,2025-12-18,87031996416.0,85745809276.8473,0.015,15754000384.0,52010562376.32471,,2322672312.0,0.18437,0.30290002,340016005120.0,22.113293,Yahoo Finance fallback,2026-09-21T04:39:56+00:00,2025-12-18
PJT,,PJT Partners Inc.,2025,2025-12-18,2025-12-18,1885650048.0,1577949830.962343,0.195,199532992.0,530207509.36677915,,25564818.0,0.10582,0.37633,6452198400.0,20.608164,Yahoo Finance fallback,2026-09-21T04:39:56+00:00,2025-12-18
UNH,,UnitedHealth Group Incorporated,2025,2025-12-18,2025-12-18,450525986816.0,448731062565.73706,0.004,14122000384.0,99780974929.76578,,897594847.0,0.03135,0.14152999,338303483904.0,24.206808,Yahoo Finance fallback,2026-09-21T04:39:56+00:00,2025-12-18
XOM,,ExxonMobil Holdings Corporation,2025,2025-12-18,2025-12-18,361060007936.0,250562115153.36572,0.441,32757000192.0,260306740241.5766,,4111911960.0,0.09072,0.12584,672462077952.0,21.047619,Yahoo Finance fallback,2026-09-21T04:39:56+00:00,2025-12-18
